Category,Element,Description,Industry Standard,Common Values,Source Systems,Procore Coverage,Benchmarking Use,Notes
"--- SUBSTRUCTURE: Below-grade and underground infrastructure — site prep, foundations, and buried utilities. ---",,,,,,,,
Site & Earthwork,Excavation & Shoring,"Bulk and detailed excavation, sheeting, shoring, and underpinning. Typical trades: equipment operators, general laborers. Often the first major activity on site — schedule and cost overruns here cascade through the project.",MasterFormat 31 10 00 – 31 50 00,"Mass excavation, trench excavation, sheet piling, soldier pile and lagging, soil nailing","P6; Sage 300; Viewpoint Vista; CMiC; Procore; MS Excel; HeavyBid",Medium — daily logs and cost codes exist but often lumped under general sitework,Compare excavation cost per CY by soil type and project type,Cost codes often combine all sitework. Daily logs are the best signal for earthwork activities.
Site & Earthwork,Backfill & Grading,"Structural fill, fine grading, compaction, and subgrade preparation. Equipment-heavy — dozers, loaders, compactors. Quality depends on compaction testing (typically third-party geotechnical).",MasterFormat 31 20 00 – 31 23 00,"Structural fill, gravel, crushed stone, compaction to 95% Proctor","P6; Sage 300; Viewpoint Vista; CMiC; Procore; MS Excel; HeavyBid",Medium — daily logs capture activity but rarely its own cost code,Compare backfill cost per CY and compaction pass rates across soil conditions,Often combined with excavation in cost codes. Third-party test results live outside project management systems.
Site & Earthwork,Dewatering,"Wellpoints, sump pumps, and groundwater control during construction. Triggered by water table conditions — not present on every project. Can become a major unplanned cost if unexpected.",MasterFormat 31 23 19,"Wellpoint systems, sump pumps, deep wells","P6; Sage 300; Viewpoint Vista; CMiC; Procore; MS Excel",Low — rarely its own cost code; shows up in daily logs and delay records,Compare dewatering cost as % of substructure by region and soil type,Highly variable — some projects zero cost; others major budget item. Daily log delays (type: Existing Conditions) may capture water-related issues.
Site & Earthwork,Erosion & Sediment Control,"Silt fence, construction entrances, inlet protection, and SWPPP compliance. Required by EPA/state permits — inspected regularly. Trades: general laborers.",MasterFormat 31 25 00; EPA SWPPP,"Silt fence, erosion blankets, inlet protection, construction entrance","P6; Sage 300; Viewpoint Vista; CMiC; Procore; MS Excel",Medium — safety/environmental observations and inspections capture violations,Compare erosion control violation rates by region and project type,Often in general conditions cost code. Environmental observations and inspections are the strongest signal for compliance issues.
Foundations,Deep Foundations,"Driven piles, drilled shafts, caissons, micropiles, and helical piers. Requires specialized subcontractors and equipment. Production rates (piles per day) are a key schedule driver. Trades: pile drivers, equipment operators.",MasterFormat 31 62 00 – 31 66 00,"Steel H-piles, precast concrete piles, drilled shafts, micropiles, auger cast piles","P6; Sage 300; Viewpoint Vista; CMiC; Procore; MS Excel; HeavyBid; PileNavigator",Medium — dedicated cost codes on heavy projects; daily logs track production,Compare pile driving production rates and cost per LF by pile type,Daily log productivity records may capture pile counts. RFIs for pile capacity and obstructions are common.
Foundations,Shallow Foundations,"Spread footings, strip footings, mat foundations, and pier pads. Concrete and formwork are the primary cost drivers. Trades: concrete workers, carpenters (formwork). Pour records track volume and placement.",MasterFormat 03 30 00,"Spread footings, strip footings, mat slab, pier pads","P6; Sage 300; Viewpoint Vista; CMiC; Procore; MS Excel",Medium — under general concrete code; daily logs capture pour activities,Compare footing concrete cost per CY and pour cycle times by project type,Often grouped under general concrete cost code. Hard to separate from other concrete elements.
Foundations,Foundation Walls,"Cast-in-place or precast foundation walls and retaining walls. Formwork complexity drives cost. Waterproofing is a critical follow-on trade. Trades: concrete workers, carpenters.",MasterFormat 03 30 00,"CIP walls, precast foundation walls, retaining walls","P6; Sage 300; Viewpoint Vista; CMiC; Procore; MS Excel",Medium — usually under same code as footings,Compare foundation wall cost per SF of wall face by height and forming method,Rarely separated from footings in cost data. Daily log notes for wall pours help.
Foundations,Grade Beams,"Reinforced concrete beams connecting foundation elements at or below grade. Transfer loads between piles/piers. Trades: concrete workers, carpenters.",MasterFormat 03 30 00,"Grade beams, tie beams","P6; Sage 300; Viewpoint Vista; CMiC; Procore; MS Excel",Low — lumped with other foundation concrete,Compare grade beam cost per LF by beam size,Rarely its own cost code. RFIs for reinforcing conflicts are common.
Foundations,Slab on Grade,"Ground-supported concrete floor slabs with vapor barriers and joint sealants. Includes reinforcement (rebar, WWF, fiber). Quality depends on subgrade prep and finishing. Trades: concrete workers.",MasterFormat 03 30 00,"4"" SOG, 6"" SOG, post-tensioned SOG, fiber-reinforced, vapor barrier","P6; Sage 300; Viewpoint Vista; CMiC; Procore; MS Excel",Medium — sometimes its own code; daily logs capture pour records,Compare slab cost per SF by thickness and reinforcement type,Daily log pour records are a good signal. Observations capture flatness and cracking issues.
Foundations,Below-Grade Waterproofing,"Foundation waterproofing membranes, dampproofing, underslab vapor barriers, and drainage boards. Failure leads to long-term moisture intrusion. Trades: specialty waterproofing applicators.",MasterFormat 07 10 00 – 07 16 00,"Fluid-applied membrane, sheet membrane, bentonite, drainage board, dampproofing","P6; Sage 300; Viewpoint Vista; CMiC; Procore; MS Excel; Bluebeam",Medium — often its own code on larger projects; quality observations capture failures,Compare waterproofing warranty claim rates and cost per SF by membrane type,Quality observations are a strong signal — waterproofing failures are a top rework driver.
Site Utilities,Water Main / Service,"Underground domestic and fire water supply piping from street to building. Requires coordination with municipality. Trades: plumbers/pipefitters, equipment operators.",MasterFormat 33 10 00,"Ductile iron pipe, copper service, valves, meters","P6; Sage 300; Viewpoint Vista; CMiC; Procore; MS Excel",Low — usually grouped under site utilities,Compare site utility cost per LF of trench by soil conditions,Inspection records help when specific utility inspections exist. Municipality coordination adds schedule risk.
Site Utilities,Sanitary Sewer,"Underground sanitary waste piping from building to main, with manholes and cleanouts. Gravity-driven — slope is critical. Trades: plumbers/pipefitters, equipment operators.",MasterFormat 33 30 00,"PVC pipe, concrete manholes, cleanouts, fittings","P6; Sage 300; Viewpoint Vista; CMiC; Procore; MS Excel",Low — usually grouped under site utilities,Compare sanitary sewer cost per LF by pipe diameter,Similar to water — often grouped in cost codes. Daily logs capture installation activities.
Site Utilities,Storm Drainage,"Underground storm water piping, catch basins, and retention/detention systems. Sized by hydrological analysis. Subject to local stormwater regulations. Trades: plumbers/pipefitters, equipment operators.",MasterFormat 33 40 00,"HDPE/PVC pipe, concrete structures, catch basins, detention vaults","P6; Sage 300; Viewpoint Vista; CMiC; Procore; MS Excel",Low — usually grouped under site utilities,Compare storm drainage cost per acre of impervious area,Sometimes combined with sanitary in cost codes. Detention/retention system costs vary significantly by locality.
Site Utilities,Gas Service,"Underground gas piping from meter to building. Small scope on most projects but requires specialty inspection. Trades: plumbers/pipefitters.",MasterFormat 33 50 00,"Steel/PE gas pipe, fittings, valves, meter","P6; Sage 300; Viewpoint Vista; CMiC; Procore; MS Excel",Low — often too small for its own cost code,Compare gas service cost per project type,Inspection records for gas testing are a distinct signal when present.
Site Utilities,Site Electrical & Telecom Ductbank,"Underground electrical and telecom conduit banks, manholes, and handholes. Coordinates with power company. Trades: electricians, equipment operators.",MasterFormat 33 70 00 – 33 80 00,"PVC conduit, concrete encasement, handholes, manholes","P6; Sage 300; Viewpoint Vista; CMiC; Procore; MS Excel",Low — usually grouped under site electrical,Compare ductbank cost per LF by conduit count,Less field data visibility than building MEP. Often utility company coordination delays.
"--- SUPERSTRUCTURE: Structural frame and primary load-bearing systems above grade. ---",,,,,,,,
Structural Frame,Columns,"Steel or concrete vertical load-bearing members. Steel columns: W-shapes, HSS, pipe. Concrete columns: CIP with rebar cages, formwork. Trades: ironworkers (steel), concrete workers (concrete). Critical path activity.",MasterFormat 03 30 00 / 05 12 00,"W-shapes, HSS, CIP concrete, rebar cages","P6; Sage 300; Viewpoint Vista; CMiC; Procore; MS Excel; Tekla; Revit",Medium — under general structural code; RFIs help differentiate elements,Compare structural steel cost per ton or concrete cost per CY by building type,Cost codes usually cover all structural concrete or all structural steel — not individual elements. RFI topics help differentiate.
Structural Frame,Beams & Girders,"Steel or concrete horizontal spanning members. Steel: W-shapes, built-up sections. Concrete: CIP or precast. Camber and deflection are key design parameters. Trades: ironworkers, concrete workers.",MasterFormat 03 30 00 / 05 12 00,"W-shapes, built-up sections, precast beams, CIP beams","P6; Sage 300; Viewpoint Vista; CMiC; Procore; MS Excel; Tekla; Revit",Medium — same structural code as columns; RFIs and observations provide element detail,Compare beam deflection RFI rates by span length,RFIs and observations provide element-level detail that cost codes don't separate.
Structural Frame,Floor Slabs & Metal Deck,"Composite metal deck with concrete topping, post-tensioned slabs, or precast plank. Deck erection and concrete pours are major scheduling milestones. Trades: ironworkers (deck), concrete workers (topping).",MasterFormat 03 30 00 / 05 31 00,"1.5"" and 3"" composite deck, lightweight concrete topping, PT slabs, precast hollow core","P6; Sage 300; Viewpoint Vista; CMiC; Procore; MS Excel; Tekla; Revit",Medium — daily logs capture pour records well,Compare concrete topping cost per SF and pour cycle times,Concrete pour records in daily logs are a strong signal. Deck erection tracked separately on some projects.
Structural Frame,Roof Structure,"Steel or concrete roof framing — long-span joists, trusses, and moment frames. Trades: ironworkers. Often governs crane duration and pick sequence.",MasterFormat 05 12 00 / 05 21 00,"Open-web steel joists, trusses, moment frames, long-span beams","P6; Sage 300; Viewpoint Vista; CMiC; Procore; MS Excel; Tekla; Revit",Low — not easily separated from other structural steel,Compare roof structure weight per SF by span and occupancy,Usually under structural steel code. Joist and truss deliveries are scheduling milestones.
Structural Frame,Structural Connections & Embeds,"Bolted and welded connections, embed plates, anchor bolts, and base plates. Connection design generates heavy RFI activity — a leading indicator of structural complexity. Trades: ironworkers.",MasterFormat 05 12 00,"High-strength bolts, weld rod, embed plates, base plates, shear studs","P6; Sage 300; Viewpoint Vista; CMiC; Procore; MS Excel; Tekla; SDS/2",Medium — RFIs are the strongest signal for connection complexity,Compare structural connection RFI count per ton of steel,RFIs are the strongest signal — structural connections generate heavy RFI activity.
Structural Frame,Stairs & Ramps,"Cast-in-place or steel stairs and structural ramps, with handrails. Both temporary and permanent stairs. Punch items frequently reference stairs and railings. Trades: ironworkers, concrete workers.",MasterFormat 03 30 00 / 05 51 00,"Steel pan stairs, precast stairs, CIP stairs, structural ramps","P6; Sage 300; Viewpoint Vista; CMiC; Procore; MS Excel",Medium — punch items commonly reference stairs,Compare stair defect rate per floor count,Often under misc metals or concrete code. Punch items are a good signal for stairs.
Structural Frame,Miscellaneous Metals,"Lintels, loose angles, shelf angles, channels, bollards, and structural railings. Small scope individually but high coordination — nearly every other trade needs miscellaneous metals embedded. Trades: ironworkers.",MasterFormat 05 50 00,"Lintels, shelf angles, channels, bollards, railings, embed plates","P6; Sage 300; Viewpoint Vista; CMiC; Procore; MS Excel; Tekla",Medium — often has its own cost code; RFIs and observations are good signals,Compare misc metals cost as % of structural steel by building type,High coordination burden — lintels and shelf angles interact with masonry; embeds interact with concrete.
"--- EXTERIOR CLOSURE: Building envelope — walls, windows, roofing. Performance-critical for weather, thermal, and moisture control. ---",,,,,,,,
Exterior Enclosure,Curtain Wall,"Aluminum-framed glass curtain wall systems — unitized or stick-built. High RFI and coordination issue activity (MEP penetrations, structural anchors). Major submittal packages. Trades: glaziers, curtain wall installers.",MasterFormat 08 44 00,"Unitized curtain wall, stick-built, structural glazing, spider systems","P6; Sage 300; Viewpoint Vista; CMiC; Procore; MS Excel; Bluebeam; Revit",High — dedicated cost code; strong RFI and observation signals,Compare curtain wall cost per SF of glass area by system type,Coordination issues are common — MEP penetrations through curtain wall require early modeling.
Exterior Enclosure,Windows,"Punched window units in opaque wall systems. Product submittals drive procurement timeline. Trades: glaziers.",MasterFormat 08 50 00,"Aluminum, vinyl, wood-clad windows; fixed, operable, awning, casement","P6; Sage 300; Viewpoint Vista; CMiC; Procore; MS Excel; Bluebeam",Medium — sometimes combined with curtain wall or doors in cost codes,Compare window cost per unit by type and performance rating,Submittals are a strong signal — specific product approvals and lead times.
Exterior Enclosure,Exterior Doors & Entrances,"Entrance doors, storefronts, revolving doors, overhead doors, and service doors. Door hardware drives complexity. Trades: glaziers (storefronts), carpenters (hollow metal). Doors are one of the highest punch item categories.",MasterFormat 08 10 00 – 08 42 00,"Storefront entrances, revolving doors, hollow metal, overhead coiling, sliding glass","P6; Sage 300; Viewpoint Vista; CMiC; Procore; MS Excel; Bluebeam",High — doors are a top punch item category with strong cost code presence,Compare door hardware cost per door by building type,Doors are one of the highest punch item categories across all project types.
Exterior Enclosure,Masonry Veneer / Backup Wall,"Brick veneer, stone veneer, and CMU backup walls with through-wall flashing and weep systems. Quality depends on mortar joints, flashing, and drainage. Trades: masons.",MasterFormat 04 20 00 – 04 40 00,"Brick veneer, natural stone, manufactured stone, CMU backup, cavity wall","P6; Sage 300; Viewpoint Vista; CMiC; Procore; MS Excel; Bluebeam",Medium — usually its own cost code; quality observations for masonry are common,Compare masonry cost per SF by material type and region,Quality observations for mortar joints and flashing failures are common signals.
Exterior Enclosure,Precast / Metal Panels,"Architectural precast concrete, insulated metal panels (IMP), ACM panels, and terra cotta. Panel layout coordination with structure and MEP is critical. Trades: ironworkers (erection), specialty installers.",MasterFormat 03 45 00 / 07 42 00,"Architectural precast, insulated metal panels, ACM, fiber cement, terra cotta","P6; Sage 300; Viewpoint Vista; CMiC; Procore; MS Excel; Revit",Medium — usually its own cost code; coordination issues common for panel layout,Compare cladding cost per SF by panel type,Coordination issues for panel layout vs. MEP penetrations and structural embed locations.
Exterior Enclosure,Air & Moisture Barrier,"Fluid-applied or sheet membrane air/vapor barriers on exterior sheathing. Performance-critical — failures here cause long-term moisture damage. Third-party inspection is common. Trades: specialty applicators.",MasterFormat 07 25 00 – 07 27 00; ASTM E2178; ASTM E2357,"Fluid-applied membrane, self-adhered sheet, spray-applied, primers","P6; Sage 300; Viewpoint Vista; CMiC; Procore; MS Excel; Bluebeam",Medium — observations and inspections are the strongest signal,Compare air barrier defect rate per SF of wall area,Critical quality item. Observation and inspection records are the strongest signal for failures.
Exterior Enclosure,Exterior Insulation,"Continuous insulation (CI) on exterior walls — mineral wool, rigid foam, or spray foam. Energy code compliance driver. Trades: specialty installers, general laborers.",MasterFormat 07 21 00; ASHRAE 90.1; IECC,"Rigid polyiso, mineral wool, EPS, XPS, spray foam","P6; Sage 300; Viewpoint Vista; CMiC; Procore; MS Excel",Low — often combined with air barrier or cladding in cost codes,Compare CI R-value and cost per SF by climate zone,Energy code compliance increasingly requires continuous insulation. Often bundled with air barrier work.
Roofing,Roof Membrane,"Single-ply (TPO, PVC, EPDM), built-up, or modified bitumen roofing membranes. Warranty is a key deliverable — manufacturer requirements drive installation quality. Trades: roofers.",MasterFormat 07 50 00; NRCA; FM Global,"TPO, PVC, EPDM, modified bitumen, built-up roofing","P6; Sage 300; Viewpoint Vista; CMiC; Procore; MS Excel; Bluebeam",High — almost always its own cost code; strong observation and punch item activity,Compare roofing cost per square and warranty claim rates by membrane type,Strong signal across observations and punch items. Submittals specify exact membrane product and warranty requirements.
Roofing,Roof Insulation & Cover Board,"Rigid insulation and tapered systems for drainage, with cover boards. Tapered layout is a design coordination item. Trades: roofers.",MasterFormat 07 22 00,"Polyiso, EPS, XPS, gypsum cover board, tapered crickets","P6; Sage 300; Viewpoint Vista; CMiC; Procore; MS Excel",Low — often included in roofing cost code,Compare roof insulation R-value per climate zone,RFIs for roof assembly details and drainage design.
Roofing,Flashing & Sheet Metal,"Roof edge metal, copings, counterflashing, reglets, gutters, and downspouts. Flashing failures are a top source of roof leaks. Trades: roofers, sheet metal workers.",MasterFormat 07 60 00,"Aluminum copings, galvanized gutters, copper flashing, stainless counterflashing","P6; Sage 300; Viewpoint Vista; CMiC; Procore; MS Excel",Medium — observations for improper flashing are common,Compare flashing-related leak rates by material and roof type,Observations for flashing defects are a common quality signal. Sometimes its own code; sometimes under roofing.
Roofing,Roof Drainage,"Interior roof drains, scuppers, overflow drains, and conductor piping. Cross-trade coordination — roofer installs drain bodies, plumber runs pipe. Design drives structural loads (ponding).",MasterFormat 07 63 00 / 22 14 00,"Interior roof drains, scuppers, overflow drains, conductor pipe","P6; Sage 300; Viewpoint Vista; CMiC; Procore; MS Excel",Low — coordination issues for drain-to-structure conflicts are a signal,Compare roof drainage density (drains per SF) by roof area and local code,Cross-trade coordination between roofer and plumber. Coordination issues are the best signal.
Roofing,Skylights & Roof Hatches,"Unit skylights, smoke vents, and roof access hatches. Small scope but high defect rate per unit — curb flashing is a common failure point. Trades: glaziers, specialty installers.",MasterFormat 08 62 00 / 07 72 00,"Unit skylights, tubular skylights, smoke vents, roof hatches","P6; Sage 300; Viewpoint Vista; CMiC; Procore; MS Excel",Low — small scope; punch items capture defects,Compare skylight leak rate and cost per unit,High defect rate per unit. Curb flashing around skylights is a frequent quality issue.
"--- MEP SYSTEMS: Mechanical, electrical, plumbing, fire protection, and low-voltage technology. Highest coordination complexity. ---",,,,,,,,
HVAC,Ductwork,"Supply, return, and exhaust ductwork — sheet metal, flex, and fittings. Routing coordination with other MEP systems drives schedule. Trades: HVAC/sheet metal workers.",MasterFormat 23 31 00,"Sheet metal rectangular, round/spiral, flex duct, lined duct, fittings","P6; Sage 300; Viewpoint Vista; CMiC; Procore; MS Excel; Revit; Navisworks",High — dedicated cost codes; strong signals across observations; punch items; RFIs; and coordination issues,Compare ductwork cost per CFM by system type and building occupancy,"Strong signals across multiple field tools. Coordination issues between mechanical, electrical, and plumbing are a major schedule driver."
HVAC,HVAC Piping,"Chilled water, hot water, condenser water, and refrigerant piping with insulation. Pipe sizing and routing are key RFI topics. Trades: pipefitters.",MasterFormat 23 21 00,"Steel, copper, CPVC pipe; chilled water, hot water, condenser water, refrigerant","P6; Sage 300; Viewpoint Vista; CMiC; Procore; MS Excel; Revit",Medium — often under general HVAC code,Compare HVAC piping cost per ton of cooling capacity,Observation and RFI signals help differentiate piping from general HVAC work.
HVAC,Air Handling Equipment,"AHUs, RTUs, fan coil units, VAV boxes, and exhaust fans. Major submittals — equipment delivery is a key scheduling milestone. Trades: HVAC mechanics.",MasterFormat 23 73 00 – 23 74 00,"Rooftop units, AHUs, fan coil units, VAV boxes, exhaust fans","P6; Sage 300; Viewpoint Vista; CMiC; Procore; MS Excel; Revit",High — major submittals; equipment setting is a schedule milestone,Compare AHU cost per CFM and lead time by equipment type,Coordination issues for equipment clearances are common. Long lead items — procurement timing is critical.
HVAC,Heating Equipment,"Boilers, unit heaters, radiant heating, and heat exchangers. Seasonal dependency — heating system must be operational for winter work. Trades: HVAC mechanics.",MasterFormat 23 52 00,"Boilers (gas/electric), unit heaters, radiant panels, heat exchangers","P6; Sage 300; Viewpoint Vista; CMiC; Procore; MS Excel",Medium — sometimes under general HVAC code,Compare heating cost per BTU capacity by fuel type and climate zone,Temporary heat is often needed before permanent heating is operational — tracked in daily logs.
HVAC,Cooling Equipment,"Chillers, cooling towers, condensing units, and split systems. Heaviest and most expensive MEP equipment — rigging and crane logistics are critical. Trades: HVAC mechanics.",MasterFormat 23 64 00,"Centrifugal chillers, air-cooled chillers, cooling towers, condensing units, VRF","P6; Sage 300; Viewpoint Vista; CMiC; Procore; MS Excel; Revit",Medium — submittals and delivery logs are strong signals,Compare cooling cost per ton of capacity by equipment type,Major equipment — delivery logistics and rigging are schedule drivers.
HVAC,Duct Insulation,"Thermal and acoustic insulation on ductwork. Required by energy code on exposed supply and return duct. Trades: insulators.",MasterFormat 23 07 00; ASHRAE 90.1,"Fiberglass wrap, elastomeric, foil-faced rigid, duct liner","P6; Sage 300; Viewpoint Vista; CMiC; Procore; MS Excel",Low — usually under general HVAC code,Compare insulation cost per SF of duct surface,Punch items flag missing or damaged insulation. Often bundled with general HVAC code.
HVAC,HVAC Controls & Thermostats,"DDC controls, thermostats, sensors, damper actuators, and building automation system (BAS) programming. Controls/commissioning generates heavy RFI and punch item activity. Trades: controls technicians, HVAC mechanics.",MasterFormat 23 09 00 / 25 00 00,"DDC controllers, thermostats, CO2 sensors, damper actuators, BAS software","P6; Sage 300; Viewpoint Vista; CMiC; Procore; MS Excel; Tridium; Honeywell",Medium — often its own cost code; RFIs and punch items are strong signals,Compare controls cost as % of mechanical and commissioning defect rates,Controls sequences of operation generate heavy RFI activity. Late-project commissioning drives punch items.
HVAC,Testing Adjusting & Balancing,"Air and water system balancing and commissioning verification. Late-project activity — results validate design assumptions. Trades: TAB contractors, commissioning agents.",MasterFormat 23 05 93; ASHRAE Guideline 0,"Air balancing, water balancing, sound testing, vibration testing","P6; Sage 300; Viewpoint Vista; CMiC; Procore; MS Excel; TAB reports",Low — inspection and punch item records capture commissioning issues,Compare TAB deficiency rates and commissioning duration by building type,Punch items and commissioning inspections are primary signals. Usually late-project activity.
Plumbing,Domestic Water Supply,"Hot and cold water distribution piping, valves, hangers, and insulation. Leak testing is a key milestone. Trades: plumbers/pipefitters.",MasterFormat 22 11 00,"Copper, PEX, CPVC, stainless steel pipe; valves, hangers, insulation","P6; Sage 300; Viewpoint Vista; CMiC; Procore; MS Excel; Revit",Medium — under general plumbing code; leak observations are a strong signal,Compare domestic water cost per fixture count,Observations for leaks are a strong signal. Pipe material choices vary by region and code.
Plumbing,Sanitary Waste & Vent,"DWV piping, cleanouts, floor drains, and traps. Gravity-driven — slope is critical and generates RFIs for routing in tight ceilings. Trades: plumbers/pipefitters.",MasterFormat 22 13 00,"Cast iron, PVC, ABS pipe; cleanouts, floor drains, P-traps","P6; Sage 300; Viewpoint Vista; CMiC; Procore; MS Excel; Revit",Medium — under general plumbing code,Compare DWV cost per fixture count by pipe material,RFIs for routing and slope are common. Cast iron vs. PVC is a cost and noise trade-off.
Plumbing,Interior Storm Drainage,"Interior roof drain leaders, area drains, and conductor piping. Connects roof drainage to underground storm system. Trades: plumbers/pipefitters.",MasterFormat 22 14 00,"Cast iron, PVC conductor pipe; roof drains, area drains","P6; Sage 300; Viewpoint Vista; CMiC; Procore; MS Excel",Low — often combined with sanitary,Compare interior storm drainage cost per roof drain count,Small scope. Often combined with sanitary plumbing in cost codes.
Plumbing,Gas Piping (Interior),"Interior natural gas distribution to equipment — boilers, water heaters, kitchen equipment. Requires pressure testing and inspection. Trades: plumbers/pipefitters.",MasterFormat 22 11 00; NFPA 54,"Black steel pipe, fittings, valves, flex connectors, regulators","P6; Sage 300; Viewpoint Vista; CMiC; Procore; MS Excel",Low — small scope; inspection records for gas testing are a distinct signal,Compare gas piping cost per equipment connection,Gas inspections are a distinct signal. Small scope on most projects.
Plumbing,Plumbing Fixtures,"Toilets, urinals, sinks, faucets, drinking fountains, and floor drains. High submittal activity (product approvals) and very high punch item rates — plumbing fixtures are a top punch category. Trades: plumbers.",MasterFormat 22 40 00; ADA Standards,"Water closets, urinals, lavatories, kitchen sinks, drinking fountains, mop sinks","P6; Sage 300; Viewpoint Vista; CMiC; Procore; MS Excel",High — strong submittal and punch item signals; dedicated cost codes common,Compare fixture cost per unit and punch item rate per fixture by building type,Very high punch item rate — plumbing fixtures are a top punch category across all project types.
Plumbing,Water Heaters,"Domestic water heating — tanks, tankless, and heat pump water heaters. Small scope but affects hot water distribution design. Trades: plumbers.",MasterFormat 22 33 00,"Tank water heaters, tankless, heat pump, solar preheat","P6; Sage 300; Viewpoint Vista; CMiC; Procore; MS Excel",Low — submittal for specific unit,Compare water heater cost per gallon of storage by fuel type,Small scope. Submittal for specific unit selection.
Plumbing,Pipe Insulation,"Thermal insulation on plumbing piping. Required by energy code on hot water and chilled supply lines. Trades: insulators.",MasterFormat 22 07 00; ASHRAE 90.1,"Fiberglass, elastomeric, phenolic pipe insulation","P6; Sage 300; Viewpoint Vista; CMiC; Procore; MS Excel",Low — usually under general plumbing code,Compare pipe insulation cost per LF by pipe size,Punch items flag missing insulation. Often bundled with general plumbing.
Electrical,Power Distribution,"Main switchgear, distribution panels, transformers, bus duct, and feeders. Major submittals with long lead times — procurement timing is critical. Trades: electricians.",MasterFormat 26 24 00 – 26 28 00; NEC; NFPA 70,"Switchgear, distribution panels, transformers, bus duct, feeders, metering","P6; Sage 300; Viewpoint Vista; CMiC; Procore; MS Excel; Revit",High — dedicated cost codes; strong submittal and RFI signals,Compare electrical distribution cost per connected kVA by building type,Major submittals with long lead times. RFIs for panel sizing and circuit loading are common.
Electrical,Branch Wiring & Devices,"Outlets, switches, junction boxes, home runs, and branch circuits. Highest-volume electrical work. Punch items for cover plates and device alignment are top closeout issues. Trades: electricians.",MasterFormat 26 27 00; NEC,"Wire (12 AWG, 10 AWG), boxes, receptacles, switches, cover plates, connectors","P6; Sage 300; Viewpoint Vista; CMiC; Procore; MS Excel",High — strong punch item signal; dedicated cost codes,Compare outlet/switch count per SF and device defect rate,Cover plates and device alignment are the highest-volume electrical punch items.
Electrical,Conduit & Raceways,"EMT, rigid, PVC conduit, cable tray, and wireways. Routing coordination with other MEP systems is a major schedule driver. Trades: electricians.",MasterFormat 26 05 33; NEC,"EMT, rigid conduit, PVC conduit, cable tray, wireways, fittings","P6; Sage 300; Viewpoint Vista; CMiC; Procore; MS Excel; Revit",Medium — usually under general electrical code; coordination issues for routing are common,Compare conduit cost per LF by type and installation method,Coordination issues for conduit routing are common — especially in tight ceiling spaces.
Electrical,Lighting Fixtures & Controls,"Interior and exterior lighting fixtures, controls, occupancy sensors, and daylight harvesting systems. High submittal and punch item activity. Trades: electricians.",MasterFormat 26 50 00 – 26 56 00; IES,"LED fixtures, controls, occupancy sensors, daylight sensors, dimming systems","P6; Sage 300; Viewpoint Vista; CMiC; Procore; MS Excel; AGi32; Revit",High — strong submittal and punch item signals; dedicated cost codes,Compare lighting cost per SF and fixture density by occupancy type,Lighting is a high-volume punch category. Submittal packages for fixture selections drive procurement schedule.
Electrical,Emergency / Standby Power,"Emergency generators, automatic transfer switches (ATS), UPS systems, and emergency circuits. Code-required for life safety. Trades: electricians.",MasterFormat 26 32 00 – 26 36 00; NEC; NFPA 110,"Diesel/gas generators, ATS, UPS, fuel tanks, emergency panels","P6; Sage 300; Viewpoint Vista; CMiC; Procore; MS Excel",Medium — usually its own cost code; inspection records for generator testing,Compare generator cost per kW and testing pass rates,Code-required testing and inspection records are a distinct signal.
Electrical,Grounding & Lightning Protection,"Building grounding system, lightning rods, and bonding. Code-required; tested during construction. Small scope. Trades: electricians.",MasterFormat 26 05 26 / 26 41 00; NEC; NFPA 780,"Copper ground wire, ground rods, lightning rods, bonding clamps","P6; Sage 300; Viewpoint Vista; CMiC; Procore; MS Excel",Low — small scope; inspection records for grounding tests,Compare grounding system cost as % of electrical by building height,Inspection records for grounding resistance tests are the primary signal.
Fire Protection,Sprinkler Mains & Branches,"Fire sprinkler distribution piping — mains, cross-mains, and branch lines with seismic bracing. Head layout coordination with ceilings and MEP is a top coordination issue. Trades: sprinkler fitters.",MasterFormat 21 13 00; NFPA 13,"Black steel pipe, CPVC, fittings, hangers, seismic bracing","P6; Sage 300; Viewpoint Vista; CMiC; Procore; MS Excel; Revit; Navisworks",High — dedicated cost codes; strong coordination issue signal,Compare sprinkler system cost per SF and coordination issue rates,Sprinkler head layout vs. ceiling layout vs. other MEP is a top coordination challenge.
Fire Protection,Sprinkler Heads,"Pendant, upright, sidewall, and concealed sprinkler heads. Very high punch item rate — concealed head cover plates are a top closeout item. Trades: sprinkler fitters.",MasterFormat 21 13 00; NFPA 13,"Pendant, upright, sidewall, concealed, ESFR heads; escutcheons","P6; Sage 300; Viewpoint Vista; CMiC; Procore; MS Excel",High — very high punch item rate; under fire protection code,Compare sprinkler head defect rate per head count,Concealed head cover plates are consistently a top closeout punch item.
Fire Protection,Standpipes & Hose Connections,"Standpipe risers, hose valves, and fire department connections (FDC). Required for buildings above certain heights. Flow testing is a code requirement. Trades: sprinkler fitters.",MasterFormat 21 12 00; NFPA 14,"Steel pipe, hose valves, FDC assemblies, check valves","P6; Sage 300; Viewpoint Vista; CMiC; Procore; MS Excel",Low — under general fire protection code; inspections for flow tests,Compare standpipe cost per floor,Inspections for flow tests are a distinct signal.
Fire Protection,Fire Pump,"Fire pump, jockey pump, controller, and test header. Required when municipal water pressure is insufficient. Acceptance testing is code-required. Trades: sprinkler fitters, electricians.",MasterFormat 21 11 00; NFPA 20,"Electric/diesel fire pump, jockey pump, controller, test header","P6; Sage 300; Viewpoint Vista; CMiC; Procore; MS Excel",Low — submittal signal; inspection records for acceptance testing,Compare fire pump cost per GPM capacity,Distinct equipment — submittal and acceptance testing signals. Not present on all projects.
Fire Protection,Fire Alarm & Detection,"Fire alarm control panel (FACP), pull stations, smoke/heat detectors, notification appliances, and duct detectors. Code-required system with acceptance testing. Trades: electricians, low-voltage technicians.",MasterFormat 28 31 00; NFPA 72,"FACP, smoke detectors, heat detectors, pull stations, horn/strobes, duct detectors","P6; Sage 300; Viewpoint Vista; CMiC; Procore; MS Excel",High — dedicated cost codes; strong punch item signal; acceptance testing inspections,Compare fire alarm cost per device count and testing pass rates,"Device alignment and labeling are common punch items. Acceptance testing inspections are a distinct signal. Usually its own cost code."
Low Voltage & Technology,Data / Telecom Cabling,"Cat6/fiber optic cabling, patch panels, racks, and telecom rooms. Pathway coordination with electrical. Trades: low-voltage technicians.",MasterFormat 27 10 00 – 27 15 00; TIA-568,"Cat6/6A, single-mode fiber, multi-mode fiber, patch panels, racks","P6; Sage 300; Viewpoint Vista; CMiC; Procore; MS Excel",Medium — sometimes its own code; punch items for labeling and testing,Compare cabling cost per drop and data drop density per SF,Punch items for labeling and testing. Sometimes bundled with general electrical.
Low Voltage & Technology,Security Systems,"CCTV cameras, access control (card readers, controllers), and intrusion detection. Integrates with door hardware — coordination signal. Trades: low-voltage technicians.",MasterFormat 28 20 00 – 28 23 00,"IP cameras, card readers, controllers, door strikes, magnetic locks","P6; Sage 300; Viewpoint Vista; CMiC; Procore; MS Excel; Lenel; Genetec",Medium — coordination signal for door hardware integration; submittals for system design,Compare security system cost per controlled opening and camera density,Access control integrates with door hardware (Division 08) — cross-trade coordination.
Low Voltage & Technology,Audio / Visual Systems,"AV systems — displays, speakers, distributed audio, and conference room systems. Often owner-furnished / contractor-installed (OFCI). Trades: low-voltage technicians.",MasterFormat 27 40 00,"Displays, projectors, speakers, amplifiers, control systems, cabling","P6; Sage 300; Viewpoint Vista; CMiC; Procore; MS Excel",Low — submittals and punch items; often OFCI,Compare AV cost per room and AV room density by building type,Often owner-furnished / contractor-installed — procurement responsibility varies.
Low Voltage & Technology,Building Automation Devices & Wiring,"BAS field devices, sensors, actuators, and control wiring (not programming — see HVAC Controls). Different installer than the controls programmer. Trades: low-voltage technicians.",MasterFormat 25 10 00,"Temperature sensors, humidity sensors, actuators, controllers, control wiring","P6; Sage 300; Viewpoint Vista; CMiC; Procore; MS Excel; Tridium",Low — overlaps with HVAC controls in cost codes,Compare BAS device count per SF and commissioning defect rates,BAS programming vs. device installation are usually different subcontractors. Overlaps with HVAC Controls.
Low Voltage & Technology,Specialty Systems,"Nurse call, intercom, paging, distributed antenna (DAS), and clock systems. Project-type dependent — nurse call for healthcare, DAS for large buildings. Trades: low-voltage technicians.",MasterFormat 27 50 00 – 27 53 00,"Nurse call, intercom, paging, DAS, master clock, mass notification","P6; Sage 300; Viewpoint Vista; CMiC; Procore; MS Excel",Low — small scope; submittals and punch items,Compare specialty system cost by system type and building occupancy,Project-type dependent. DAS increasingly required by fire code in large buildings.
"--- INTERIOR CONSTRUCTION: Partitions, finishes, fixtures, and specialties. Highest punch item density. ---",,,,,,,,
Interiors,Metal Stud Framing,"Interior metal stud partitions, soffits, and bulkhead framing with blocking. Layout accuracy drives downstream finish quality. Trades: drywall hangers.",MasterFormat 09 22 16,"25-ga, 20-ga studs; 2.5"", 3.625"", 6"" widths; deflection track, blocking","P6; Sage 300; Viewpoint Vista; CMiC; Procore; MS Excel",Medium — usually combined with drywall in cost codes; daily log and observation signals,Compare framing cost per SF of partition by STC rating,Usually combined with drywall in cost codes. Blocking for wall-mounted items is a common coordination issue.
Interiors,Drywall / Gypsum Board,"Gypsum board installation, taping, and finishing — including specialty boards (moisture-resistant, fire-rated, abuse-resistant). Drywall damage and finish quality are top punch categories. Trades: drywall hangers, finishers.",MasterFormat 09 29 00,"Type X, moisture-resistant, abuse-resistant, shaft liner; Level 3/4/5 finish","P6; Sage 300; Viewpoint Vista; CMiC; Procore; MS Excel",High — identifiable cost codes; strong observation and punch item signals,Compare drywall cost per SF and defect rates by finish level,Strong observation and punch item signal. Drywall damage and finish quality are top punch categories.
Interiors,Interior Doors Frames & Hardware,"Interior hollow metal and wood doors, frames, and finish hardware (hinges, closers, locks, pulls). Hardware sets are complex submittals. Doors/hardware is consistently a top 3 punch item category. Trades: carpenters.",MasterFormat 08 11 00 – 08 71 00,"Hollow metal, wood, FRP doors; hollow metal, aluminum frames; mortise, cylindrical locksets; closers, hinges, pulls","P6; Sage 300; Viewpoint Vista; CMiC; Procore; MS Excel; Bluebeam",High — top 3 punch item category across all project types; detailed hardware submittals,Compare door hardware cost per door and hardware defect rate by building type,Consistently one of the top 3 punch item categories across all project types.
Interiors,Acoustic Ceilings,"Suspended acoustic ceiling grid and tile systems. Layout coordination with lighting, sprinklers, and diffusers. Trades: ceiling installers.",MasterFormat 09 51 00,"2x2, 2x4 tegular/lay-in tile; exposed grid, concealed grid; specialty panels","P6; Sage 300; Viewpoint Vista; CMiC; Procore; MS Excel",High — common punch item category; usually has cost code,Compare ceiling tile cost per SF and defect rate by tile type,Common punch item category — damaged tiles and grid alignment. RFIs for ceiling heights and clearances.
Interiors,Drywall Ceilings Soffits & Bulkheads,"Drywall ceilings, soffits, bulkheads, and light coves — non-acoustic applications. More complex framing than walls. Trades: drywall hangers, finishers.",MasterFormat 09 29 00,"Flat ceilings, soffits, bulkheads, light coves, radius ceilings","P6; Sage 300; Viewpoint Vista; CMiC; Procore; MS Excel",Medium — lumped with general drywall; RFIs for dimensions,Compare soffit/bulkhead cost per LF,RFIs for dimensions and detailing. Lumped with general drywall in cost codes.
Interiors,Paint & Wall Coatings,"Interior painting, primer, specialty coatings, stain, and clear finishes. Paint/finish is the #1 punch item category universally — touch-ups and color inconsistency dominate closeout. Trades: painters.",MasterFormat 09 91 00; MPI,"Latex paint, epoxy, urethane, stain, primer; Levels 1-5","P6; Sage 300; Viewpoint Vista; CMiC; Procore; MS Excel",High — #1 punch item category universally; almost always its own cost code,Compare paint cost per SF and touch-up punch item rate by building type,Paint/finish is the #1 punch item category universally. Extremely strong signal.
Interiors,Wallcovering,"Vinyl wallcovering, specialty wall finishes, and wall protection (corner guards, crash rails). Common in healthcare and hospitality. Trades: painters, specialty installers.",MasterFormat 09 72 00 / 10 26 00,"Vinyl wallcovering, fabric wallcovering, corner guards, crash rails, chair rails","P6; Sage 300; Viewpoint Vista; CMiC; Procore; MS Excel",Low — sometimes under paint code; punch items for seams and adhesion,Compare wallcovering cost per SF and defect rate by material type,Punch items for seams and adhesion failures. Project-type dependent.
Interiors,Floor Tile & Stone,"Ceramic, porcelain, and natural stone tile for floors and walls — including setting materials and grout. Cracked tiles, grout, and lippage are common punch items. Trades: tile setters.",MasterFormat 09 30 00,"Ceramic, porcelain, marble, granite, limestone; thinset, grout, waterproofing","P6; Sage 300; Viewpoint Vista; CMiC; Procore; MS Excel; Bluebeam",High — strong punch item signal; dedicated cost codes; submittals specify exact product,Compare tile cost per SF and defect rate by material type,Strong punch item signal — cracked tiles and grout issues. Submittals specify exact tile product.
Interiors,Carpet & Resilient Flooring,"Carpet (broadloom, tile), VCT, LVT, rubber, and sheet vinyl with resilient base. Seams, transitions, and base are frequent closeout items. Trades: floor installers.",MasterFormat 09 68 00,"Carpet tile, broadloom, LVT, VCT, rubber, sheet vinyl, resilient base","P6; Sage 300; Viewpoint Vista; CMiC; Procore; MS Excel",High — common punch item category; dedicated cost codes,Compare flooring cost per SF by material type and defect rates,Common punch item category. Seams and transitions are frequent closeout items.
Interiors,Specialty Flooring,"Polished concrete, epoxy, terrazzo, and resinous flooring. Project-type dependent — common in industrial, healthcare, and education. Trades: specialty installers.",MasterFormat 03 35 00 / 09 67 00,"Polished concrete, epoxy, terrazzo, urethane, MMA","P6; Sage 300; Viewpoint Vista; CMiC; Procore; MS Excel",Medium — usually its own code when present; submittals for system specs,Compare specialty flooring cost per SF by system type,Project-type dependent. Surface prep is critical — failures trace to poor subfloor preparation.
Interiors,Casework & Millwork,"Cabinets, countertops, shelving, built-in furniture, and wood trim (base/crown molding). High punch item rate — scratches, chips, alignment, and door adjustment. Trades: carpenters.",MasterFormat 06 20 00 – 12 30 00,"Plastic laminate casework, wood veneer, solid surface counters, stone counters, wood trim","P6; Sage 300; Viewpoint Vista; CMiC; Procore; MS Excel; Bluebeam",High — strong punch item signal; dedicated cost codes,Compare casework cost per LF and defect rate by material type,"High punch item rate — scratches, chips, alignment, and door adjustment are common closeout items."
Interiors,Countertops,"Solid surface, stone, quartz, and plastic laminate countertops. Templated after casework installation — template-to-install cycle is a schedule constraint. Trades: specialty installers.",MasterFormat 12 36 00,"Quartz, granite, marble, solid surface, plastic laminate","P6; Sage 300; Viewpoint Vista; CMiC; Procore; MS Excel",Medium — often under casework code; submittals specify exact product,Compare countertop cost per LF by material type,Submittals specify exact product and color. Template-to-fabrication lead time.
Interiors,Toilet Accessories & Specialties,"Toilet partitions, accessories (paper holders, grab bars, soap dispensers), mirrors, and signage. High punch item rate — installation alignment, missing items, and damage. Trades: carpenters, general laborers.",MasterFormat 10 21 00 – 10 28 00; ADA Standards,"Toilet partitions, grab bars, paper holders, soap dispensers, mirrors, dryers","P6; Sage 300; Viewpoint Vista; CMiC; Procore; MS Excel",High — strong punch item signal; dedicated cost codes,Compare accessory defect rate per restroom count,High punch item rate — installation alignment and missing items are common closeout issues.
Interiors,Signage & Wayfinding,"Room signs, directional signs, code-required signs, and ADA signage. Late-project scope — often last items installed before occupancy. Trades: specialty installers.",MasterFormat 10 14 00; ADA Standards,"Room ID signs, directional, code-required exit signs, ADA tactile signs","P6; Sage 300; Viewpoint Vista; CMiC; Procore; MS Excel",Low — punch items for incorrect or missing signs; submittals for sign schedule,Compare signage cost per sign and defect rate,Usually late project. Punch items for incorrect or missing signs. ADA compliance is key.
"--- CONVEYING SYSTEMS: Elevators and vertical transportation. ---",,,,,,,,
Elevators,Elevator Car & Hoistway,"Passenger, service, and freight elevator cars — hoistway doors, cab finishes, and controls. Elevator installation is a major scheduling milestone. Long lead time item. Trades: elevator mechanics.",MasterFormat 14 20 00; ASME A17.1,"Traction passenger, hydraulic, MRL, service, freight elevators","P6; Sage 300; Viewpoint Vista; CMiC; Procore; MS Excel; Otis/Schindler/KONE/TK",High — dedicated cost codes; strong submittal signal; major schedule milestone,Compare elevator cost per floor served and installation duration,Elevator installation is a major scheduling milestone. Punch items for cab finishes and door operation.
Elevators,Elevator Machinery & Controls,"Traction machines, hydraulic units, motor controllers, and dispatching systems. Acceptance testing/inspection by authority having jurisdiction (AHJ) is required. Trades: elevator mechanics.",MasterFormat 14 20 00; ASME A17.1,"Gearless traction, geared traction, hydraulic power unit, MRL drives, controllers","P6; Sage 300; Viewpoint Vista; CMiC; Procore; MS Excel",Medium — under general elevator code; acceptance testing inspections,Compare elevator machinery maintenance cost by type,Acceptance testing by AHJ is required before occupancy. Inspection records are a distinct signal.
"--- SITEWORK: Exterior site improvements and hardscape. ---",,,,,,,,
Site Improvements,Paving,"Asphalt and concrete paving for parking lots, access roads, and loading areas. Temperature-sensitive installation (asphalt). Trades: equipment operators, general laborers.",MasterFormat 32 12 00 – 32 13 00,"Asphalt, concrete paving, pervious concrete, pavers; base course, geotextile","P6; Sage 300; Viewpoint Vista; CMiC; Procore; MS Excel; HeavyBid",Medium — under sitework code; daily log notes capture paving activities,Compare paving cost per SF by surface type,Daily log notes for paving activities. Temperature and weather dependencies.
Site Improvements,Sidewalks & Curbs,"Concrete sidewalks, curbs, gutters, ADA ramps, and pavers. ADA compliance is a common observation and punch item trigger. Trades: concrete workers.",MasterFormat 32 16 00; ADA Standards,"Concrete sidewalks, curb and gutter, ADA detectable warning pavers","P6; Sage 300; Viewpoint Vista; CMiC; Procore; MS Excel",Medium — under sitework code; ADA observations and punch items,Compare sidewalk cost per LF and ADA compliance defect rate,ADA compliance observations and punch items are a common signal.
Site Improvements,Landscaping & Irrigation,"Trees, shrubs, ground cover, turf, and irrigation systems. Usually one of the last exterior scopes. Plant survival warranty (typically 1 year) extends beyond project completion. Trades: landscape contractors.",MasterFormat 32 90 00,"Trees, shrubs, sod, seed, mulch, irrigation pipe, drip, spray heads, controllers","P6; Sage 300; Viewpoint Vista; CMiC; Procore; MS Excel",Medium — usually its own cost code; punch items for plant survival and irrigation,Compare landscaping cost per SF of site area and plant replacement rates,Punch items for plant survival and irrigation coverage. Warranty extends beyond project completion.
Site Improvements,Site Lighting,"Parking lot and pathway lighting — poles, bollard lights, and site electrical. Coordinates with site electrical underground. Trades: electricians.",MasterFormat 26 56 00 / 32 00 00,"Light poles, bollard fixtures, LED site lights, photocells","P6; Sage 300; Viewpoint Vista; CMiC; Procore; MS Excel; AGi32",Low — sometimes under electrical; sometimes under sitework,Compare site lighting cost per parking space and fixture density,Sometimes under electrical code; sometimes under sitework — inconsistent categorization.
Site Improvements,Fencing & Gates,"Chain link, ornamental, and security fencing with gates and barriers. Small scope on most projects. Trades: fence contractors.",MasterFormat 32 31 00,"Chain link, ornamental aluminum, steel picket, slide gates, swing gates","P6; Sage 300; Viewpoint Vista; CMiC; Procore; MS Excel",Low — small scope; under sitework code,Compare fencing cost per LF by type,Small scope. Usually under general sitework cost code.
"--- STANDARD MEASURES: KPIs and metrics derived from building element entities. Cross-domain composites do NOT go here. ---",,,,,,,,
Standard Measures,Cost per SF by System,"Total cost of each building system divided by gross building area (SF). The primary unit cost benchmark for comparing systems across projects. Calculation: system cost / gross SF. Source: budget line items, cost codes, building area.",AACE; RSMeans,"$5-$50/SF depending on system (structure $15-35, MEP $30-60, finishes $10-25)","P6; Sage 300; Viewpoint Vista; CMiC; Procore; MS Excel; RSMeans",Medium — depends on cost code granularity and financial tool adoption,Core benchmark — compare system cost/SF across project types and regions,Not all customers have financial tools. Exclude projects without cost data from benchmarks.
Standard Measures,Punch Item Rate by Element Category,"Count of punch items per unit area (per 1000 SF) or per unit count (per door, per fixture) for each element category. Tracks closeout quality. Calculation: punch count / area or unit count. Source: punch items, building area.",N/A,"5-50 items per 1000 SF depending on element; doors 0.5-2 per door; fixtures 0.3-1 per fixture","Procore; PlanGrid; Fieldwire; BIM 360",High — punch items are the strongest field signal for element quality,Compare punch item density across projects to identify quality outliers,Validated 18-category keyword clustering on punch item names. 0% null on name field.
Standard Measures,RFI Density by System,"Count of RFIs per system per million dollars of contract value. Tracks design coordination complexity. Calculation: RFI count / (contract value / $1M). Source: RFIs, contract value.",N/A,"10-100 RFIs per $1M depending on system; structural and MEP generate the most","Procore; PlanGrid; BIM 360; Submittal Exchange",Medium — RFI predicted_topic enables system mapping,Compare RFI density to identify systems with higher design uncertainty,ML-classified RFI topic taxonomy (176 topics) enables mapping to building systems without NLP.
Standard Measures,Observation Rate by Element,"Count of quality/safety observations per unit area or per system. Tracks field issue frequency. Calculation: observation count / area. Source: observations, building area.",N/A,"1-20 observations per 1000 SF; envelope and finishes generate the most","Procore; BIM 360; Fieldwire",Medium — keyword clustering enables element mapping,Compare observation rates to identify high-risk elements by project type,18-category keyword clustering validated. Category filter (Quality vs. Safety) segments the data.
Standard Measures,Submittal Cycle Time by System,"Average days from submittal creation to final approval for each system. Tracks procurement timeline performance. Calculation: avg(approval_date - created_date) by system. Source: submittals.",N/A,"14-60 days typical; curtain wall, structural steel, elevators among longest","Procore; PlanGrid; Submittal Exchange; BIM 360",Medium — submittals exist but system mapping requires spec section or keyword,Compare submittal cycle times to identify procurement bottlenecks,Overdue submittals (718K records) are a signal for procurement delays.
Standard Measures,Coordination Issue Density,"Count of coordination issues per system or trade per million dollars. Tracks MEP/architectural coordination complexity. Calculation: issue count / (contract value / $1M). Source: coordination issues, contract value.",N/A,"5-30 issues per $1M; MEP-heavy buildings generate the most","Procore; BIM 360; Navisworks; Revit; Solibri",Medium — dedicated table exists with issue type classification,Compare coordination issue density across projects and systems,MEP-heavy. Issue types (Clash, Coordination, Design Review) provide structured categorization.
