Taxonomy Node,Node Type,Procore Table,Procore Column(s),Mapping Method,Signal Type,Estimated Coverage,Confidence,Notes
"--- BUILDING SYSTEMS TO COST CODES ---",,,,,,,,
Site & Earthwork,System,finance.cost_codes,"code, name",MasterFormat number match (02xxxx),Cost Code,Medium,High,"Companies using CSI MasterFormat have 02-series codes for sitework. Company-specific code lists vary."
Site & Earthwork,System,finance.wbs_codes,"cost_code, cost_code_name, wbs_code_flat_code",MasterFormat number match + keyword,Cost Code,Medium,High,"WBS codes provide the budget-level view. cost_code + line_item_type gives full WBS segmentation."
Foundations,System,finance.cost_codes,"code, name",MasterFormat number match (03xxxx),Cost Code,Medium,High,"03-series covers concrete and foundations. Most GCs have concrete cost codes."
Foundations,System,finance.cost_codes,"code, name","Keyword match on name: 'foundation', 'footing', 'pile', 'slab on grade'",Cost Code,Medium,Medium,"Supplements MasterFormat matching for companies with non-standard cost codes."
Site Utilities,System,finance.cost_codes,"code, name","MasterFormat 33xxxx or keyword: 'utility', 'sewer', 'water main', 'ductbank'",Cost Code,Low-Medium,Medium,"Some companies separate site utilities from sitework; others lump together."
Structural Frame,System,finance.cost_codes,"code, name",MasterFormat 05xxxx (steel) + 03xxxx (structural concrete),Cost Code,Medium-High,High,"Steel and structural concrete are consistently coded across companies."
Exterior Enclosure,System,finance.cost_codes,"code, name","MasterFormat 07xxxx, 08xxxx (curtain wall, masonry, waterproofing)",Cost Code,Medium,Medium,"Envelope costs spread across multiple MasterFormat divisions."
Roofing,System,finance.cost_codes,"code, name","MasterFormat 07xxxx + keyword: 'roof', 'membrane', 'flashing'",Cost Code,Medium,High,"Roofing is typically a distinct cost code category."
HVAC,System,finance.cost_codes,"code, name","MasterFormat 23xxxx + keyword: 'HVAC', 'ductwork', 'air handling'",Cost Code,Medium-High,High,"Mechanical is consistently coded. Large budget line item."
Plumbing,System,finance.cost_codes,"code, name","MasterFormat 22xxxx + keyword: 'plumbing', 'piping', 'fixture'",Cost Code,Medium-High,High,"Plumbing is consistently coded."
Electrical,System,finance.cost_codes,"code, name","MasterFormat 26xxxx + keyword: 'electrical', 'power', 'lighting'",Cost Code,Medium-High,High,"Electrical is consistently coded."
Fire Protection,System,finance.cost_codes,"code, name","MasterFormat 21xxxx + keyword: 'fire protection', 'sprinkler'",Cost Code,Medium,High,"Fire protection is typically a distinct commitment/cost code."
Low Voltage & Technology,System,finance.cost_codes,"code, name","MasterFormat 27xxxx/28xxxx + keyword: 'low voltage', 'data', 'security', 'telecom'",Cost Code,Low-Medium,Medium,"Low voltage often lumped into electrical by some companies."
Interiors,System,finance.cost_codes,"code, name","MasterFormat 09xxxx (finishes), 06xxxx (carpentry), 08xxxx (doors) + keywords",Cost Code,Medium,Medium,"Interiors span multiple divisions. Flooring, drywall, paint, doors each coded separately."
Elevators,System,finance.cost_codes,"code, name","MasterFormat 14xxxx + keyword: 'elevator', 'escalator', 'conveying'",Cost Code,Medium,High,"Elevators are almost always a distinct cost code and commitment."
Site Improvements,System,finance.cost_codes,"code, name","MasterFormat 32xxxx + keyword: 'paving', 'landscaping', 'site improvement'",Cost Code,Low-Medium,Medium,"Often combined with sitework in company cost code structures."
"--- BUILDING SYSTEMS TO FIELD DATA ---",,,,,,,,
All Systems,System,project_management.observation,"name, category, type_name","Keyword clustering on observation.name (18 issue categories validated)",Field Data,"5,923 cos (quality obs)",Medium,"observation.category = 'Quality' for quality; 'Safety' for safety. name field is the classification target."
All Systems,System,project_management.punch_item,"name, punch_item_type_name","Keyword clustering on punch_item.name (18 issue categories validated)",Field Data,"11,722 cos",Medium,"Punch items are the strongest field signal for building element mapping. 0% null on name field."
All Systems,System,project_management.rfis,"subject, predicted_topic",ML-classified predicted_topic taxonomy (176 topics),Field Data,"17,540 cos (91% populated)",High,"predicted_topic is the strongest structured signal for system-level classification. Zero NLP needed."
All Systems,System,project_management.inspection_items,"name, status","Keyword match on inspection_items.name + status = 'Deficient'",Field Data,"5,470 cos",Medium,"Inspection items have structured status. Safety-focused names. Deficiency rate 2-6%."
All Systems,System,project_management.coordination_issue,"issue_type, trade","Structured issue_type: Clash, Design Review, Constructability, etc.",Field Data,327 cos (2yr),Medium,"Small volume but high signal. trade field is free text (not standardized)."
"--- BUILDING SYSTEMS TO FINANCIAL DATA ---",,,,,,,,
All Systems,System,finance.change_events,"change_reason, change_event_id, wbs_code_id (via line items)",change_reason categorization + wbs_code_id on line items,Financial,"18K+ cos (CEs)",High,"change_reason is the primary categorization. origin_type links to RFI/Observation/Meeting."
All Systems,System,finance.change_event_line_items,"wbs_code_id, latest_cost_amount, description","wbs_code_id maps to cost codes → building system. description for NLP.",Financial,Medium,High,"Line items carry the cost-code-level detail. wbs_code_id is the system mapping key."
All Systems,System,finance.commitment_change_orders,"change_reason, grand_total","LOWER(change_reason) for categorization. Title case format (not snake_case).",Financial,"4,200+ cos",High,"Independent from CEs. 96.7% approved status. $13.8B+ in design changes alone."
All Systems,System,finance.commitment_change_order_line_items,"wbs_code_id, extended_amount",wbs_code_id maps to cost codes → building system,Financial,Medium,High,"wbs_code_id exists directly on CCO line items. Key for system-level cost attribution."
All Systems,System,finance.direct_costs + direct_cost_line_items,"description, wbs_code_id",wbs_code_id mapping + keyword on description,Financial,Medium,Medium,"Direct costs not tied to commitments. description field available for NLP."
All Systems,System,finance.commitments,"title, status, vendor_id","Commitment title + vendor mapping for system inference",Financial,High,Medium,"Each commitment is typically for a specific trade/system. Title often contains system info."
"--- TRADES ---",,,,,,,,
All Trades,Trade,project_management.daily_log_manpower,"trade_name, vendor_name, vendor_id, num_workers, man_hours, hours",Direct — trade_name is the primary trade identifier,Workforce Log,High,High,"trade_name is the most direct trade signal. Not all companies fill it consistently."
All Trades,Trade,core.project_vendors,"name, vendor_id, project_id","Vendor names carry trade info. No structured 'trade' field on project_vendors.",Vendor Directory,High,Medium,"project_vendors maps vendors to projects. Trade must be inferred from vendor name or commitment."
All Trades,Trade,finance.commitments,"title, vendor_id",Commitment title often names the trade scope (e.g. 'Electrical Subcontract'),Financial,High,Medium,"Commitments are per-trade contracts. Title + vendor gives strong trade signal."
All Trades,Trade,project_management.observation,"vendor_id, trade_id","vendor_id 80% populated, trade_id 51% populated but NO lookup table",Field Data,Medium,Low,"trade_id has no resolution table in gold layer. vendor_id resolves to project_vendors."
All Trades,Trade,project_management.punch_item,vendor_id,vendor_id links to project_vendors for trade attribution,Field Data,Medium,Medium,"Punch items assigned to responsible vendor. Vendor → trade is indirect."
All Trades,Trade,core.project_role_memberships,"role_name, group, contact_name","group = 'design_team' contains Architect. role_name for PM, Super, etc.",Project Directory,High,High,"Structured roles. group is SQL reserved word — use backticks."
General Laborer,Trade,project_management.daily_log_manpower,trade_name,"Exact match: trade_name LIKE '%laborer%' OR '%labor%'",Workforce Log,Medium,Medium,"Often not broken out — lumped into general workforce count."
Carpenter,Trade,project_management.daily_log_manpower,trade_name,"Exact match: trade_name LIKE '%carpenter%' OR '%carpentry%'",Workforce Log,Medium,Medium,"Common trade on daily logs."
Concrete Worker,Trade,project_management.daily_log_manpower,trade_name,"Keyword: '%concrete%'",Workforce Log,Medium,Medium,"Strong daily log signal during structural phase."
Ironworker / Steel Erector,Trade,project_management.daily_log_manpower,trade_name,"Keyword: '%ironworker%' OR '%steel erect%'",Workforce Log,Medium,Medium,"Distinct trade on daily logs."
Electrician,Trade,project_management.daily_log_manpower,trade_name,"Keyword: '%electric%'",Workforce Log,Medium-High,Medium,"One of the most consistently logged trades."
Plumber / Pipefitter,Trade,project_management.daily_log_manpower,trade_name,"Keyword: '%plumb%' OR '%pipefitter%'",Workforce Log,Medium,Medium,"Distinct trade."
HVAC / Sheet Metal Worker,Trade,project_management.daily_log_manpower,trade_name,"Keyword: '%hvac%' OR '%sheet metal%' OR '%mechanical%'",Workforce Log,Medium,Medium,"Often the largest MEP sub."
Sprinkler Fitter,Trade,project_management.daily_log_manpower,trade_name,"Keyword: '%sprinkler%' OR '%fire protection%'",Workforce Log,Low-Medium,Medium,"Distinct trade with separate licensing."
Elevator Mechanic,Trade,project_management.daily_log_manpower,trade_name,"Keyword: '%elevator%'",Workforce Log,Low,Medium,"Distinct trade. Very specialized — fewer daily log entries."
Surveyor / Layout,Trade,project_management.daily_log_manpower,trade_name,"Keyword: '%survey%' OR '%layout%'",Workforce Log,Low,Low,"Occasionally noted on daily logs. Often a specialty sub."
Equipment Operator,Trade,project_management.daily_log_equipment,"equipment_name, hours_operating",Implied from equipment usage — operator is inferred,Workforce Log,Medium,Medium,"daily_log_equipment tracks equipment; operator is implied."
Safety Professional,Trade,core.project_role_memberships,"role_name = 'Safety Manager'",Direct structured field,Project Directory,Medium,High,"project_role_memberships identifies safety managers. Safety observations/violations are the activity signal."
"--- EQUIPMENT ---",,,,,,,,
All Equipment,Equipment,project_management.daily_log_equipment,"equipment_name, hours_idle, hours_operating, inspected, cost_code_id",Direct — equipment_name is the primary identifier,Equipment Log,High,High,"equipment_name is free text. Keyword matching needed to classify into canonical types."
All Equipment,Equipment,workforce.equipment,"(table exists, columns unknown)",Direct equipment master list,Equipment Master,Not Ready,N/A,"workforce.equipment table exists but is NOT READY for import. Would be the authoritative source."
All Equipment,Equipment,workforce.equipment_timecard_entry,"(table exists, columns unknown)",Equipment time tracking,Equipment Log,Not Ready,N/A,"workforce.equipment_timecard_entry — NOT READY."
Tower Crane,Equipment,project_management.daily_log_equipment,equipment_name,"Keyword: '%tower crane%'",Equipment Log,Medium,Medium,"Major schedule event. Erection/dismantling noted in daily log notes."
Mobile Crane,Equipment,project_management.daily_log_equipment,equipment_name,"Keyword: '%crane%' AND NOT '%tower%'",Equipment Log,Medium,Medium,"Crane lifts often noted in daily log notes too."
Concrete Pump,Equipment,project_management.daily_log_equipment,equipment_name,"Keyword: '%concrete pump%' OR '%pump truck%'",Equipment Log,Low-Medium,Medium,"Concrete pour days are high-activity events."
Excavator,Equipment,project_management.daily_log_equipment,equipment_name,"Keyword: '%excavator%' OR '%trackhoe%'",Equipment Log,Medium,Medium,"Primary equipment during site and foundation phases."
Loader / Backhoe,Equipment,project_management.daily_log_equipment,equipment_name,"Keyword: '%loader%' OR '%backhoe%'",Equipment Log,Medium,Medium,"Common site equipment."
Aerial Lift,Equipment,project_management.daily_log_equipment,equipment_name,"Keyword: '%boom lift%' OR '%scissor lift%' OR '%aerial%' OR '%JLG%' OR '%Genie%'",Equipment Log,Medium,Medium,"Common during MEP rough-in and exterior work. Brand names often used."
Forklift / Telehandler,Equipment,project_management.daily_log_equipment,equipment_name,"Keyword: '%forklift%' OR '%telehandler%' OR '%lull%'",Equipment Log,Medium-High,Medium,"Present throughout project. Brand names common."
Scaffolding,Equipment,project_management.daily_log_equipment,equipment_name,"Keyword: '%scaffold%'",Equipment Log,Low,Low,"Sometimes tracked as equipment, sometimes not logged."
Compactor,Equipment,project_management.daily_log_equipment,equipment_name,"Keyword: '%compactor%' OR '%roller%' OR '%plate compactor%'",Equipment Log,Low-Medium,Medium,"Used during fill and utility backfill."
Generator / Temp Power,Equipment,project_management.daily_log_equipment,equipment_name,"Keyword: '%generator%' OR '%temp power%'",Equipment Log,Low-Medium,Medium,"Relevant until permanent power connected."
Personnel / Material Hoist,Equipment,project_management.daily_log_equipment,equipment_name,"Keyword: '%hoist%' OR '%man lift%'",Equipment Log,Low,Medium,"Hoist availability affects schedule."
Welding Equipment,Equipment,project_management.daily_log_equipment,equipment_name,"Keyword: '%welder%' OR '%welding%'",Equipment Log,Low,Low,"Sometimes captured. Welding activities noted in daily log notes."
"--- MATERIALS ---",,,,,,,,
All Materials,Material,project_management.submittals,"title, overdue, actual_delivery_date, required_on_site_date",Submittal title carries specific product/material info,Submittal,High,High,"Strongest material signal. Every material is specified by submittal. Title describes the product."
All Materials,Material,project_management.daily_log_delivery,"contents, delivery_from, tracking_number, comments",contents field describes what was delivered,Delivery Log,Medium,Medium,"contents is free text describing delivered materials."
All Materials,Material,project_management.daily_log_delay,"delay_type = 'Material', duration, comments",Structured category — zero NLP needed,Delay Log,"4,351 cos",High,"84K records. delay_type = 'Material' is a structured enum. Primary signal for material shortages."
All Materials,Material,workforce.materials,"(table exists, columns unknown)",Material master list,Material Master,Not Ready,N/A,"workforce.materials — NOT READY. Would be authoritative source."
All Materials,Material,workforce.materials_purchase_order,"(table exists, columns unknown)",Material procurement,Procurement,Not Ready,N/A,"workforce.materials_purchase_order — NOT READY."
All Materials,Material,workforce.materials_receipt,"(table exists, columns unknown)",Material intake records,Procurement,Not Ready,N/A,"workforce.materials_receipt — NOT READY."
All Materials,Material,workforce.materials_shipment,"(table exists, columns unknown)",Material shipment tracking,Procurement,Not Ready,N/A,"workforce.materials_shipment — NOT READY."
Concrete (ready-mix & precast),Material,project_management.submittals,title,"Keyword: '%concrete%' OR '%precast%' OR '%mix design%'",Submittal,High,High,"Mix design submittals are standard. Precast shop drawings are major submittals."
Concrete (ready-mix & precast),Material,project_management.daily_log_productivity,"(quantity tracking)",Concrete pour quantities,Productivity Log,Low (622 cos),Low,"daily_log_productivity may capture concrete yards. Very limited adoption."
Rebar & Reinforcing,Material,project_management.submittals,title,"Keyword: '%rebar%' OR '%reinforc%' OR '%post-tension%'",Submittal,High,High,"Rebar shop drawings are standard submittals."
Structural Steel & Misc Metals,Material,project_management.submittals,title,"Keyword: '%steel%' OR '%structural steel%' OR '%misc metals%'",Submittal,High,High,"Steel shop drawings are major submittals. Strong signal."
Structural Steel & Misc Metals,Material,project_management.daily_log_delivery,contents,"Keyword: '%steel%' OR '%iron%'",Delivery Log,Medium,Medium,"Steel deliveries are major daily log events."
Glass Glazing & Curtain Wall,Material,project_management.submittals,title,"Keyword: '%curtain wall%' OR '%glazing%' OR '%window%' OR '%storefront%'",Submittal,High,High,"Curtain wall shop drawings are major submittals."
Roofing Materials,Material,project_management.submittals,title,"Keyword: '%roof%' OR '%membrane%' OR '%TPO%' OR '%EPDM%'",Submittal,High,High,"Roofing systems require manufacturer warranty submittal."
Waterproofing & Sealants,Material,project_management.submittals,title,"Keyword: '%waterproof%' OR '%sealant%' OR '%air barrier%' OR '%flashing%'",Submittal,Medium,Medium,"Submittals for specific waterproofing systems."
Masonry,Material,project_management.submittals,title,"Keyword: '%masonry%' OR '%brick%' OR '%CMU%' OR '%block%'",Submittal,Medium,Medium,"Submittals for specific brick/CMU products."
Drywall Framing & Insulation,Material,project_management.submittals,title,"Keyword: '%drywall%' OR '%gypsum%' OR '%metal stud%' OR '%insulation%'",Submittal,Medium,Low,"Less formal submittal process than MEP/envelope."
Doors Frames & Hardware,Material,project_management.submittals,title,"Keyword: '%door%' OR '%hardware%' OR '%frame%'",Submittal,High,High,"Hardware schedule submittal is one of the most detailed on any project. Very strong signal."
Flooring,Material,project_management.submittals,title,"Keyword: '%tile%' OR '%carpet%' OR '%LVT%' OR '%VCT%' OR '%flooring%'",Submittal,High,High,"Strong submittal signal. Specific products with colors and patterns."
Ceiling Materials,Material,project_management.submittals,title,"Keyword: '%ceiling%' OR '%acoustic%' OR '%grid%'",Submittal,Medium,Medium,"Submittals for specific acoustic products."
Paint & Coatings,Material,project_management.submittals,title,"Keyword: '%paint%' OR '%coating%' OR '%primer%' OR '%stain%'",Submittal,Medium,Medium,"Submittal for paint schedule/color selections."
Casework & Millwork,Material,project_management.submittals,title,"Keyword: '%casework%' OR '%cabinet%' OR '%countertop%' OR '%millwork%'",Submittal,Medium,Medium,"Submittals for casework shop drawings and countertop selections."
Ductwork & HVAC Materials,Material,project_management.submittals,title,"Keyword: '%ductwork%' OR '%AHU%' OR '%air handling%' OR '%RTU%' OR '%diffuser%'",Submittal,High,High,"Equipment submittals are major (AHUs, RTUs). Terminal device submittals."
Piping & Plumbing Materials,Material,project_management.submittals,title,"Keyword: '%pipe%' OR '%valve%' OR '%fitting%' OR '%plumbing%'",Submittal,Medium,Medium,"Submittals for pipe, valves, and equipment."
Plumbing Fixtures,Material,project_management.submittals,title,"Keyword: '%toilet%' OR '%lavatory%' OR '%sink%' OR '%faucet%' OR '%fixture%'",Submittal,High,High,"Every fixture specified by model. Strong submittal signal."
Electrical Wire Conduit & Equipment,Material,project_management.submittals,title,"Keyword: '%switchgear%' OR '%transformer%' OR '%panel%' OR '%conduit%'",Submittal,Medium-High,High,"Major equipment submittals (switchgear, transformers)."
Lighting,Material,project_management.submittals,title,"Keyword: '%light%' OR '%fixture%' OR '%luminaire%' OR '%LED%'",Submittal,High,High,"Lighting fixture submittals are high-volume. Specify exact product, finish, lamp type."
Fire Protection Materials,Material,project_management.submittals,title,"Keyword: '%sprinkler%' OR '%fire alarm%' OR '%FDC%'",Submittal,Medium-High,High,"Submittals for sprinkler system design and fire alarm devices."
Low Voltage Cable & Devices,Material,project_management.submittals,title,"Keyword: '%data%' OR '%camera%' OR '%card reader%' OR '%fiber%' OR '%Cat6%'",Submittal,Medium,Medium,"Less per-item tracking than MEP/finishes. System-level submittals."
Elevator Components,Material,project_management.submittals,title,"Keyword: '%elevator%'",Submittal,Medium,Medium,"Typically proprietary. Limited submittal detail in Procore."
Lumber & Wood,Material,project_management.submittals,title,"Keyword: '%lumber%' OR '%plywood%' OR '%engineered wood%'",Submittal,Low,Low,"Less formal submittals than steel/concrete."
Soil / Fill Material,Material,project_management.daily_log_delivery,contents,"Keyword: '%fill%' OR '%soil%' OR '%gravel%' OR '%aggregate%'",Delivery Log,Low,Low,"Not in Procore material tables. Tracked via delivery logs only."
"--- SCHEDULE ---",,,,,,,,
Activity Types (Summary / Detail / Milestone),Activity Structure,project_management.schedule_task,"activity_id, name, schedule_duration, percentage, actual_start/finish, baseline_start/finish, start/finish_date, critical_path, milestone, wbs","Direct — legacy imported schedule. Predecessors as comma-separated WBS strings (no relationship type or lag). No float, constraints, or calendars.",Schedule (Legacy),High,Medium,"LEGACY tool. Still active on many projects. Limited CPM fidelity — no typed relationships, no float values."
Activity Types (Summary / Detail / Milestone),Activity Structure,project_management.scheduling_activity,"schedule_activity_id, activity_name, display_id, start_date, finish_date, is_actual_start, is_actual_finish, duration, duration_unit, percent_done, total_float, is_critical, constraint_type, constraint_date, calendar_id, calendar_name, resource_data (JSON), crew_size, category_data (JSON), vendor_id, vendor_name, deadline_date, deadline_variance, parent_id, note","Direct — full CPM-grade data. Float, constraints, calendars, resources, trade assignment.",Schedule (New),High,High,"NEW tool. Enables DCMA 14-point analysis, float distribution, constraint ratio, calendar validation, resource analysis, and trade-level filtering."
Activity Codes / Custom Fields,Activity Structure,project_management.scheduling_activity_custom_fields,"scheduling_activity_custom_field_id, schedule_activity_id, custom_field_name, custom_field_value, custom_field_data_type",Direct — extensible activity code system for dimensional analysis,Schedule (New),Medium,High,"Replaces P6 activity codes with custom field framework. Enables trade, area, phase, and responsibility analysis."
Relationship Types (FS/SS/FF/SF),Logic & Dependencies,project_management.scheduling_relationship,"schedule_relationship_id, from_activity, to_activity, dependency_type (FS/SS/FF/SF), lag, lag_display_unit, is_active, schedule_id",Direct — typed dependencies with lag values,Schedule (New),High,High,"Enables relationship type ratio, lag analysis, logic quality checks, open end detection, driving relationship analysis."
Schedule Metadata (Baselines / Data Dates),Schedule Lifecycle,project_management.scheduling_type,"schedule_id, name, type, is_active, imported_data_date, start_date, calendar_id, parent_schedule_id, project_id",Direct — schedule entity definition with type and baseline linkage,Schedule (New),Medium,High,"parent_schedule_id links to baselines. imported_data_date is the data date. is_active distinguishes current from superseded."
Schedule Change Tracking,Schedule Lifecycle,project_management.schedule_task_changes,"old/new_start_at, old/new_finish_at, old/new_duration, old/new_percentage, old/new_name, reason (free text), when_at",Direct — structured delta tracking with timestamps,Schedule (Legacy),High,High,"Unique structured audit trail. P6 Schedule Log is less structured. when_at is the timestamp column (NOT created_at)."
Field-Initiated Schedule Update,Schedule Integration,project_management.schedule_task_requests,"schedule_task_id, new_start_date, new_finish_date, new_percentage, created_by",Direct — sub/field staff proposes schedule changes for scheduler approval,Schedule (Legacy),Medium,High,"No equivalent in P6 or MS Project. Request volume indicates sub engagement with schedule management."
Look-Ahead Schedule,Schedule Hierarchy,project_management.schedule_lookahead + schedule_lookahead_task,"schedule_lookahead: name, starts_at, ends_at, duration_weeks; schedule_lookahead_task: name, dates, resources, companies, assignees, schedule_task_id (FK to CPM)",Direct — look-ahead as first-class entity with own tasks and assignments,Schedule (Legacy),Medium,High,"P6 uses filtered views for look-aheads. Procore models them separately with richer field context (companies, assignees, FK to CPM tasks)."
Schedule-to-Field Linkage,Schedule Integration,project_management.scheduling_activity ↔ daily_log_scheduled_work + rfis.schedule_impact,"schedule_task_id, daily log entries, RFI impact flags","Cross-table linkage — CPM activities connected to daily logs, observations, inspections",Schedule (Both),Medium,Medium,"Procore's native linkage. P6 has no field data. This is where project management platforms add value over standalone scheduling tools."
"--- CROSS-CUTTING MAPPING PATHS ---",,,,,,,,
Cost Code → Building System,Mapping Path,finance.cost_codes,"code, name, standard_cost_code","MasterFormat division prefix (first 2 digits) maps to building system",Mapping Key,N/A,High,"Primary path from financial data to building systems. standard_cost_code provides industry-standard mapping."
WBS Code → Building System,Mapping Path,finance.wbs_codes,"cost_code_id, wbs_code_id","wbs_code links cost_code + line_item_type + sub_job. cost_code_id is the system mapping key.",Mapping Key,N/A,High,"WBS is the full budget segmentation. cost_code_id within it maps to building system."
Vendor → Trade,Mapping Path,core.project_vendors + finance.commitments,"vendor_id, commitment title","Vendor's commitment title describes trade scope. No native 'trade' field on vendor.",Mapping Key,N/A,Medium,"Indirect path. Commitment title + vendor name → trade classification."
Submittal → Material,Mapping Path,project_management.submittals,"title, specification_section_id","Submittal title contains product/material info. spec_section_id links to CSI spec division.",Mapping Key,N/A,High,"Strongest material mapping path. specification_section_id sparse but high-value when populated."
Observation → Building Element,Mapping Path,project_management.observation,"name, location_id","Keyword clustering on name → element category. location_id → physical location.",Mapping Key,N/A,Medium,"Validated 18-category clustering. location_id adds spatial context."
RFI predicted_topic → Building System,Mapping Path,project_management.rfis,predicted_topic,"ML-classified topic directly maps to building systems (176 topics, pre-classified)",Mapping Key,N/A,High,"Best structured signal. Topics like 'Structural Steel Connections' map directly to Structural Frame system."
Change Event → Building System,Mapping Path,finance.change_event_line_items,wbs_code_id,"wbs_code_id → cost_code → MasterFormat → building system",Mapping Key,N/A,High,"Financial impact by building system. Line items carry cost-code-level granularity."
Daily Log Equipment → Equipment Type,Mapping Path,project_management.daily_log_equipment,equipment_name,"Keyword classification of free-text equipment_name into 12 canonical types",Mapping Key,N/A,Medium,"equipment_name is free text. Needs keyword matching or ML classification."
Daily Log Manpower → Trade,Mapping Path,project_management.daily_log_manpower,trade_name,"Direct trade name field. Keyword normalization to 20 canonical trades.",Mapping Key,N/A,Medium-High,"trade_name is the most direct path. Normalization needed (e.g. 'Electricians' → 'Electrician')."
"--- DOCUMENTS & COMMUNICATIONS ---",,,,,,,,
RFI,Document,project_management.rfis,"subject, question, status, predicted_topic, cost_impact, schedule_impact, drawing_number, due_date, due_date_variance, ball_in_court, overdue, responsible_contractor, assignees","Direct — structured RFI records with ML-classified predicted_topic (176 topics, 91% populated)",Document,"17,540+ cos",High,"Strongest structured document signal. predicted_topic enables zero-NLP topic classification. origin_type links to change_events."
RFI Response,Document,project_management.rfi_responses,"text, responder, date, official_status",Direct — structured response tracking,Document,High,High,"Each response tracked with timestamp and official/preliminary status."
RFI Ball in Court,Workflow,project_management.rfis_bic,"rfi_header_id, response_required, id",Direct — current responsible party tracking,Workflow,High,High,"Ball-in-court identifies who needs to act. Drives response time metrics."
Submittal,Document,project_management.submittals,"title, status, specification_section_id, overdue, due_date, submitted_date, approved_date, ball_in_court, type, received_date, actual_delivery_date, required_on_site_date","Direct — structured submittal records. Title is strongest material signal.",Document,"15K+ cos",High,"actual_delivery_date only 1% populated. required_on_site_date 6%. Title field carries product/material detail."
Submittal Approval,Workflow,project_management.submittal_approvers + submittal_ball_in_courts,"approver, response, response_date, ball_in_court",Direct — structured approval tracking,Workflow,High,High,"Multi-reviewer approval chain. Response status and timing tracked per reviewer."
Drawing Revision,Document,project_management.drawing_revision,"discipline, number, revision, received_date, current, description",Direct — sheet-level revision tracking,Document,High,High,"drawing_revision is widely adopted. Tracks all issued revisions with discipline and current flag."
Correspondence,Document,project_management.correspondences,"type (via correspondence_types), status, subject, assignees",Direct — structured correspondence with configurable types,Document,High,Medium,"correspondence_types defines the per-project taxonomy. correspondence_responses tracks reply chain."
Meeting,Document,project_management.meeting,"title, date, location, status, attendees (via meeting_attendee)",Direct — structured meeting records,Document,High,High,"meeting_attendee tracks participation. Widely adopted."
Meeting Item,Document,project_management.meeting_item,"description, status, assignees (via meeting_item_assignee), due_date, category",Direct — structured action items with carry-forward tracking,Document,High,High,"Items carry forward across meetings. Status and assignee tracking."
Site Instruction,Document,project_management.site_instructions,"title, description, status, assignees, cost_impact",Direct — structured field directives,Document,Medium,Medium,"Less widely adopted than RFIs/submittals but structured when used."
Action Plan,Document,project_management.action_plan + action_plan_line_item,"status, assignees, due_dates, cross-references to other records",Direct — structured task tracking with approval workflows,Document,High,High,"action_plan_line_item_record links tasks to source issues (observations, punch items)."
Photo,Document,project_management.photo,"title, description, location, date, trade, category",Direct — structured photo metadata. Attached to observations/punch items/daily logs.,Document,High,High,"Very high volume. Photos are the visual evidence layer for nearly all other document types."
Specification Section,Document,project_management.specification_sections,"section_number, description, revision",Direct — spec section tracking for submittal and RFI cross-referencing,Document,Medium,Medium,"Adoption depends on whether project team enters spec sections into Procore."
Form / ProForma,Document,project_management.form,"Custom structured fields via ProForma API",Direct — configurable forms with field-level data capture,Document,High,Medium,"ProForma forms provide structured question/answer data. Highly flexible for project-specific needs."
Daily Log Note,Document,project_management.daily_log_note,"comment, is_issue_day",Direct — free-text field observations with issue flag,Document,High,High,"Primary NLP signal source. ~130K+ records for keyword analysis. is_issue_day flag for structured filtering."
Daily Log Phone Call,Document,project_management.daily_log_phone_call,"caller, recipient, subject, notes",Direct — structured call records,Document,Medium,Medium,"Adoption varies. Not all projects track phone calls."
Daily Log Plan Revision,Document,project_management.daily_log_plan_revision,"drawing_number, revision, date_received",Direct — field receipt of drawing revisions,Document,Medium,Medium,"Links to drawing_revision records. Tracks when field teams received updated drawings."
"--- FIELD OPERATIONS ---",,,,,,,,
Daily Log Completion (Header),Field Ops,project_management.daily_log_completion,"log_date, completed, completed_at, distributed, distributed_at, missing_day, variance, day_of_week",Direct — parent record for all daily log entries,Field Log,High,High,"daily_log_completion_id is the FK referenced by ALL child log tables. log_date is the primary date. completed + distributed = data quality signal."
Weather Log,Field Ops,project_management.daily_log_observed_weather_condition,"sky, temperature, precipitation, wind, ground, calamity, is_weather_delay, measured_temperature_high/low/average, measured_precipitation_since_midnight, measured_wind_speed_average/gust/max, measured_humidity_low, average_humidity",Direct — richest weather dataset in construction software,Field Log,High,High,"Dual signal: qualitative superintendent observations + quantitative measured values. is_weather_delay is the primary weather-delay boolean."
Delay Log,Field Ops,project_management.daily_log_delay,"delay_type, duration, start_time, end_time, comments, daily_log_entries_date",Direct — structured delay tracking with delay_type enum,Field Log,High,High,"delay_type is a structured enum (Weather, Material, Safety Event, etc.). 84K Material records, 4,351 cos. Zero NLP needed. Date field is daily_log_entries_date (NOT delay_logs_date)."
Delivery Log,Field Ops,project_management.daily_log_delivery,"contents, delivery_from, tracking_number, time, comments, vendor_name",Direct — material receipt records,Field Log,High,High,"contents (free text) is the primary material receipt signal. delivery_from identifies supplier."
Safety Violation Log,Field Ops,project_management.daily_log_safety_violation,"subject, comments, issued_to, vendor_name, compliance_due, safety_notice",Direct — daily safety violation records,Field Log,Medium,Medium,"subject 66% null. vendor_name free text (no FK). Validated as UNUSABLE for recurrence tracking (insight #11). Volume metric only."
Accident Log,Field Ops,project_management.daily_log_accident,"involved_name, involved_company, comments, time",Direct — lightweight first-report records,Field Log,Medium,Medium,"Links conceptually to incident/incident_record tables for formal OSHA reporting. No direct FK."
Daily Inspection Log,Field Ops,project_management.daily_log_inspection,"inspection_type, inspecting_entity, inspector_name, start, end, comments, area",Direct — daily inspection occurrence records,Field Log,Medium,Medium,"Records WHEN inspections happened; formal inspections tool records WHAT was found."
Visitor Log,Field Ops,project_management.daily_log_visitor,"subject, details, start, end, vendor_name",Direct — site visitor records,Field Log,Medium,Medium,"vendor_name repurposed for visitor organization. Visitor patterns correlate with project phase."
Waste Log,Field Ops,project_management.daily_log_waste,"material, approximate_quantity, method_of_disposal, disposal_location, description, vendor_id",Direct — waste tracking with material type and disposal method,Field Log,Medium,Medium,"material field describes waste type. method_of_disposal enables diversion rate calculation (LEED)."
Dumpster Log,Field Ops,project_management.daily_log_dumpster,"quantity_delivered, quantity_removed, comments, vendor_name",Direct — dumpster in/out tracking,Field Log,Medium,Medium,"Simple operational metric. Dumpster pulls are a general conditions cost item."
Scheduled Work Log,Field Ops,project_management.daily_log_scheduled_work,"resource_name, showed (BOOLEAN), workers, hours, task_names, hourly_rate, reimbursable",Direct — plan-vs-actual with showed boolean,Field Log,High,High,"showed boolean = Last Planner PPC equivalent. Links to schedule via daily_log_scheduled_work_task."
Scheduled Work Task Link,Field Ops,project_management.daily_log_scheduled_work_task,"task_name, task_percentage, schedule_task_id (FK to schedule_task)",Direct — bridges daily log to CPM schedule,Field Log,High,High,"schedule_task_id is the critical FK. No equivalent in P6 — Procore-native field-to-schedule linkage."
Productivity Log,Field Ops,project_management.daily_log_productivity,"quantity_delivered, quantity_used, previously_delivered, previously_used, commitment_id, commitment_line_item_id",Direct — vendor-level delivery/installation tracking,Field Log,Low (622 cos),Low,"Very low adoption limits benchmarking value. Links to commitments for scope tracking."
Quantity Log,Field Ops,project_management.daily_log_quantity,"quantity, unit, description, cost_code_id, cost_code_name, location_id",Direct — cost-code-level installed quantities,Field Log,Medium,Medium,"cost_code linkage enables quantity-based % complete by budget line item."
Construction Reports,Field Ops,project_management.daily_log_construction_reports,"trade_name, trade_id, vendor_name, vendor_id, apprentice_hours, journeyman_hours, foreman_hours, minority_hours, women_hours, veteran_hours, local_city_hours",Direct — certified payroll and workforce diversity reporting,Field Log,High,High,"Required on public projects with prevailing wage/diversity requirements. Detailed classification and demographic breakdowns."
"--- FUTURE DATA SOURCES (NOT YET READY) ---",,,,,,,,
Materials (all),Material,workforce.materials,All columns,Direct material master,Material Master,Not Ready,N/A,"When ready: authoritative material catalog. Currently no access."
Material Procurement,Material,workforce.materials_purchase_order,All columns,Direct PO tracking,Procurement,Not Ready,N/A,"When ready: material ordering data. Links materials to vendors and costs."
Material Receipts,Material,workforce.materials_receipt,All columns,Direct receipt tracking,Procurement,Not Ready,N/A,"When ready: what was actually received on site."
Material Shipments,Material,workforce.materials_shipment,All columns,Direct shipment tracking,Procurement,Not Ready,N/A,"When ready: shipment tracking with dates."
Equipment Master,Equipment,workforce.equipment,All columns,Direct equipment catalog,Equipment Master,Not Ready,N/A,"When ready: authoritative equipment list with specs."
Equipment Timecards,Equipment,workforce.equipment_timecard_entry,All columns,Direct equipment time tracking,Equipment Log,Not Ready,N/A,"When ready: structured time entries per equipment unit."
Timecards (labor),Trade,workforce.timecard_entries,All columns,Direct labor time tracking,Workforce,Not Ready,N/A,"When ready: structured labor hours by employee/trade."
Employees,Trade,workforce.employees,All columns,Employee info including job title/role,Workforce,Not Ready,N/A,"When ready: employee-level trade classification."
T&M Labor,Trade,workforce.time_and_material_labors,All columns,T&M labor entries,Workforce,Not Ready,N/A,"When ready: labor tracking on T&M tickets."
T&M Equipment,Equipment,workforce.time_and_material_equipments,All columns,T&M equipment entries,Workforce,Not Ready,N/A,"When ready: equipment tracking on T&M tickets."
T&M Materials,Material,workforce.time_and_material_materials,All columns,T&M material entries,Workforce,Not Ready,N/A,"When ready: material tracking on T&M tickets."
